/*TRABALHO 02 DE LINGUAGEM DE PROGRAMAÇAO DE BANCO DE DADOS*/
/*DEVELOPED BY GUILHERME COSTA*/

/*INSERÇAO DE REGISTROS NAS TABELAS CRIADAS*/

/*ESTADO - 27 REGISTROS*/
INSERT INTO ESTADO (ID_ESTADO, NOME_ESTADO, UF) VALUES (1, 'ACRE', 'AC');
INSERT INTO ESTADO (ID_ESTADO, NOME_ESTADO, UF) VALUES (2, 'ALAGOAS', 'AL');
INSERT INTO ESTADO (ID_ESTADO, NOME_ESTADO, UF) VALUES (3, 'AMAPA', 'AP');
INSERT INTO ESTADO (ID_ESTADO, NOME_ESTADO, UF) VALUES (4, 'AMAZONAS', 'AM');
INSERT INTO ESTADO (ID_ESTADO, NOME_ESTADO, UF) VALUES (5, 'BAHIA', 'BA');
INSERT INTO ESTADO (ID_ESTADO, NOME_ESTADO, UF) VALUES (6, 'CEARA', 'CE');
INSERT INTO ESTADO (ID_ESTADO, NOME_ESTADO, UF) VALUES (7, 'DISTRITO FEDERAL', 'DF');
INSERT INTO ESTADO (ID_ESTADO, NOME_ESTADO, UF) VALUES (8, 'ESPIRITO SANTO', 'ES');
INSERT INTO ESTADO (ID_ESTADO, NOME_ESTADO, UF) VALUES (9, 'GOIAS', 'GO');
INSERT INTO ESTADO (ID_ESTADO, NOME_ESTADO, UF) VALUES (10, 'MARANHAO', 'MA');
INSERT INTO ESTADO (ID_ESTADO, NOME_ESTADO, UF) VALUES (11, 'MATO GROSSO', 'MT');
INSERT INTO ESTADO (ID_ESTADO, NOME_ESTADO, UF) VALUES (12, 'MATO GROSSO DO SUL', 'MS');
INSERT INTO ESTADO (ID_ESTADO, NOME_ESTADO, UF) VALUES (13, 'MINAS GERAIS', 'MG');
INSERT INTO ESTADO (ID_ESTADO, NOME_ESTADO, UF) VALUES (14, 'PARA', 'PA');
INSERT INTO ESTADO (ID_ESTADO, NOME_ESTADO, UF) VALUES (15, 'PARAIBA', 'PB');
INSERT INTO ESTADO (ID_ESTADO, NOME_ESTADO, UF) VALUES (16, 'PARANA', 'PR');
INSERT INTO ESTADO (ID_ESTADO, NOME_ESTADO, UF) VALUES (17, 'PERNAMBUCO', 'PE');
INSERT INTO ESTADO (ID_ESTADO, NOME_ESTADO, UF) VALUES (18, 'PIAUI', 'PI');
INSERT INTO ESTADO (ID_ESTADO, NOME_ESTADO, UF) VALUES (19, 'RIO DE JANEIRO', 'RJ');
INSERT INTO ESTADO (ID_ESTADO, NOME_ESTADO, UF) VALUES (20, 'RIO GRANDE DO NORTE', 'RN');
INSERT INTO ESTADO (ID_ESTADO, NOME_ESTADO, UF) VALUES (21, 'RIO GRANDE DO SUL', 'RS');
INSERT INTO ESTADO (ID_ESTADO, NOME_ESTADO, UF) VALUES (22, 'RONDONIA', 'RO');
INSERT INTO ESTADO (ID_ESTADO, NOME_ESTADO, UF) VALUES (23, 'RORAIMA', 'RR');
INSERT INTO ESTADO (ID_ESTADO, NOME_ESTADO, UF) VALUES (24, 'SANTA CATARINA', 'SC');
INSERT INTO ESTADO (ID_ESTADO, NOME_ESTADO, UF) VALUES (25, 'SAO PAULO', 'SP');
INSERT INTO ESTADO (ID_ESTADO, NOME_ESTADO, UF) VALUES (26, 'SERGIPE', 'SE');
INSERT INTO ESTADO (ID_ESTADO, NOME_ESTADO, UF) VALUES (27, 'TOCANTINS', 'TO');

/*ENDEREÇO - 30 REGISTROS*/

INSERT INTO ENDERECO (ID_ENDERECO, TIPO, LOGRADOURO, CIDADE, FK_ID_ESTADO) VALUES(30, 'Rua', 'T', 'Aracaju', 26);
INSERT INTO ENDERECO (ID_ENDERECO, TIPO, LOGRADOURO, CIDADE, FK_ID_ESTADO) VALUES(31, 'Beco', 'Santo Cristo', 'Rio de Janeiro', 19);
INSERT INTO ENDERECO (ID_ENDERECO, TIPO, LOGRADOURO, CIDADE, FK_ID_ESTADO) VALUES(32, 'Rua', 'S-003', 'Jataí', 9);
INSERT INTO ENDERECO (ID_ENDERECO, TIPO, LOGRADOURO, CIDADE, FK_ID_ESTADO) VALUES(33, 'Travessa', 'Santa Catarina', 'Salvador', 5);
INSERT INTO ENDERECO (ID_ENDERECO, TIPO, LOGRADOURO, CIDADE, FK_ID_ESTADO) VALUES(34, 'Rua', 'Principal, s/n', 'Santa Helena', 24);
INSERT INTO ENDERECO (ID_ENDERECO, TIPO, LOGRADOURO, CIDADE, FK_ID_ESTADO) VALUES(35, 'Avenida', 'Djalma Batista 482', 'Manaus', 3);
INSERT INTO ENDERECO (ID_ENDERECO, TIPO, LOGRADOURO, CIDADE, FK_ID_ESTADO) VALUES(36, 'Rua', 'Alfredo Gaspar', 'Campo Grande', 12);
INSERT INTO ENDERECO (ID_ENDERECO, TIPO, LOGRADOURO, CIDADE, FK_ID_ESTADO) VALUES(37, 'Rua', 'Nivaldo da Conceição Gutierrez', 'Boa Vista', 23);
INSERT INTO ENDERECO (ID_ENDERECO, TIPO, LOGRADOURO, CIDADE, FK_ID_ESTADO) VALUES(38, 'Rua', 'Libra', 'Boa Vista', 23);
INSERT INTO ENDERECO (ID_ENDERECO, TIPO, LOGRADOURO, CIDADE, FK_ID_ESTADO) VALUES(39, 'Rua', 'Eduardo Puddo', 'Mogi das Cruzes', 25);
INSERT INTO ENDERECO (ID_ENDERECO, TIPO, LOGRADOURO, CIDADE, FK_ID_ESTADO) VALUES(40, 'Rua', 'Cento e Vinte e Seis', 'Cuiabá', 11);
INSERT INTO ENDERECO (ID_ENDERECO, TIPO, LOGRADOURO, CIDADE, FK_ID_ESTADO) VALUES(41, 'Rua', 'Juca Ruivo', 'Alegrete', 21);
INSERT INTO ENDERECO (ID_ENDERECO, TIPO, LOGRADOURO, CIDADE, FK_ID_ESTADO) VALUES(42, 'Rua', '10A Chácara 123', 'Brasília', 7);
INSERT INTO ENDERECO (ID_ENDERECO, TIPO, LOGRADOURO, CIDADE, FK_ID_ESTADO) VALUES(43, 'Rua', 'Três Maria', 'Boa Vista', 23);
INSERT INTO ENDERECO (ID_ENDERECO, TIPO, LOGRADOURO, CIDADE, FK_ID_ESTADO) VALUES(44, 'Rua', 'Ângelo Conceição, s/n', 'Cantá', 23);
INSERT INTO ENDERECO (ID_ENDERECO, TIPO, LOGRADOURO, CIDADE, FK_ID_ESTADO) VALUES(45, 'Rua', 'da Concórdia', 'Parnamirim', 20);
INSERT INTO ENDERECO (ID_ENDERECO, TIPO, LOGRADOURO, CIDADE, FK_ID_ESTADO) VALUES(46, 'Rua', 'Marechal Floriano', 'Cabo Frio', 19);
INSERT INTO ENDERECO (ID_ENDERECO, TIPO, LOGRADOURO, CIDADE, FK_ID_ESTADO) VALUES(47, 'Rua', 'Guilhermino Bastos', 'Rio Branco', 1);
INSERT INTO ENDERECO (ID_ENDERECO, TIPO, LOGRADOURO, CIDADE, FK_ID_ESTADO) VALUES(48, 'Rua', 'C', 'Araguaína', 27);
INSERT INTO ENDERECO (ID_ENDERECO, TIPO, LOGRADOURO, CIDADE, FK_ID_ESTADO) VALUES(49, 'Rua', 'dos Farrapos', 'Porto Velho', 22);
INSERT INTO ENDERECO (ID_ENDERECO, TIPO, LOGRADOURO, CIDADE, FK_ID_ESTADO) VALUES(50, 'Travessa', 'Milton Lucena', 'Rio Branco', 1);
INSERT INTO ENDERECO (ID_ENDERECO, TIPO, LOGRADOURO, CIDADE, FK_ID_ESTADO) VALUES(51, 'Rua', 'Luiz Antônio Silveira Teixeira', 'Aracaju', 26);
INSERT INTO ENDERECO (ID_ENDERECO, TIPO, LOGRADOURO, CIDADE, FK_ID_ESTADO) VALUES(52, 'Rua', 'Professor Gilberlan Monteiro', 'Campina Grande', 15);
INSERT INTO ENDERECO (ID_ENDERECO, TIPO, LOGRADOURO, CIDADE, FK_ID_ESTADO) VALUES(53, 'Rua', 'Alferes Marcílio Machado', 'Curitiba', 16);
INSERT INTO ENDERECO (ID_ENDERECO, TIPO, LOGRADOURO, CIDADE, FK_ID_ESTADO) VALUES(54, 'Rua', 'Edmilson Aragão', 'João Pessoa', 15);
INSERT INTO ENDERECO (ID_ENDERECO, TIPO, LOGRADOURO, CIDADE, FK_ID_ESTADO) VALUES(55, 'Rua', 'Mariita Collares Garcia', 'Maranguape', 6);
INSERT INTO ENDERECO (ID_ENDERECO, TIPO, LOGRADOURO, CIDADE, FK_ID_ESTADO) VALUES(56, 'Avenida', 'Deputado Raimundo Asfora', 'Campina Grande', 15);
INSERT INTO ENDERECO (ID_ENDERECO, TIPO, LOGRADOURO, CIDADE, FK_ID_ESTADO) VALUES(57, 'Rua', 'Folhas Soltas', 'São Paulo', 25);
INSERT INTO ENDERECO (ID_ENDERECO, TIPO, LOGRADOURO, CIDADE, FK_ID_ESTADO) VALUES(58, 'Rua', 'Ayrton Senna', 'Vitória', 8);
INSERT INTO ENDERECO (ID_ENDERECO, TIPO, LOGRADOURO, CIDADE, FK_ID_ESTADO) VALUES(59, 'Rua', 'Arnóbio de Moura Velasco', 'Niterói', 19);

/*CLIENTE - 15 REGISTROS*/

INSERT INTO CLIENTE (ID_CLIENTE, NOME, CPF, EMAIL, DDD, TELEFONE, FK_ID_ENDERECO) VALUES(70, 'Caleb Nathan da Mata', '878.922.726-31', 'ccalebnathandamata@projetemovelaria.com.br', 98, 983046201, 30);
INSERT INTO CLIENTE (ID_CLIENTE, NOME, CPF, EMAIL, DDD, TELEFONE, FK_ID_ENDERECO) VALUES(71, 'Maitê Andreia Castro', '475.548.269-05', 'maiteandreiacastro-88@cosma.com', 11, 984836463, 31);
INSERT INTO CLIENTE (ID_CLIENTE, NOME, CPF, EMAIL, DDD, TELEFONE, FK_ID_ENDERECO) VALUES(72, 'Erick Augusto da Paz', '005.772.322-23', 'erickaugustodapaz..erickaugustodapaz@dddrin.com.br', 96, 997613753, 32);
INSERT INTO CLIENTE (ID_CLIENTE, NOME, CPF, EMAIL, DDD, TELEFONE, FK_ID_ENDERECO) VALUES(73, 'Gael Thales Vieira', '805.130.612-07', 'lerma5514@uorak.com', 48, 954680622, 33);
INSERT INTO CLIENTE (ID_CLIENTE, NOME, CPF, EMAIL, DDD, TELEFONE, FK_ID_ENDERECO) VALUES(74, 'Janilson Álvares Argolo', '824.906.471-21', 'iiancalebefranciscoaraujo@corpus.com.br', 24, 977389409, 34);
INSERT INTO CLIENTE (ID_CLIENTE, NOME, CPF, EMAIL, DDD, TELEFONE, FK_ID_ENDERECO) VALUES(75, 'Luciano Ataíde Rosado', '704.803.604-48', 'daniloisaacbarbosa..daniloisaacbarbosa@naressi.com.br', 59, 939739386, 35);
INSERT INTO CLIENTE (ID_CLIENTE, NOME, CPF, EMAIL, DDD, TELEFONE, FK_ID_ENDERECO) VALUES(76, 'Elisama Aldeia Amorim', '897.654.685-71', 'ianluisalexandrecosta..ianluisalexandrecosta@poli.ufrj.br', 12, 915657916, 36);
INSERT INTO CLIENTE (ID_CLIENTE, NOME, CPF, EMAIL, DDD, TELEFONE, FK_ID_ENDERECO) VALUES(77, 'Nadia Barroca Lousada', '334.499.327-56', 'nnoahgustavojesus@budsoncorporation.com', 33, 967884959, 37);
INSERT INTO CLIENTE (ID_CLIENTE, NOME, CPF, EMAIL, DDD, TELEFONE, FK_ID_ENDERECO) VALUES(78, 'Sheila Lima Brandão', '836.632.832-59', 'arthuraugustocaldeira-71@dsladvogados.adv.br', 80, 989835305, 38);
INSERT INTO CLIENTE (ID_CLIENTE, NOME, CPF, EMAIL, DDD, TELEFONE, FK_ID_ENDERECO) VALUES(79, 'Sónia Toscano Caldeira', '242.416.591-28', 'anthonyandersonferreira__anthonyandersonferreira@compuativa.com.br', 83, 963008076, 39);
INSERT INTO CLIENTE (ID_CLIENTE, NOME, CPF, EMAIL, DDD, TELEFONE, FK_ID_ENDERECO) VALUES(80, 'Jacinto Maior Ninharelhos', '353.091.785-03', 'laragabriellyisabelaassis..laragabriellyisabelaassis@navescorat.com.br', 76, 902282147, 40);
INSERT INTO CLIENTE (ID_CLIENTE, NOME, CPF, EMAIL, DDD, TELEFONE, FK_ID_ENDERECO) VALUES(81, 'Arnaldo Frade Terra', '510.651.979-93', 'gaelantoniohugonunes_@lphbrasil.com.br', 83, 930707071, 41);
INSERT INTO CLIENTE (ID_CLIENTE, NOME, CPF, EMAIL, DDD, TELEFONE, FK_ID_ENDERECO) VALUES(82, 'Ibrahima Marmou Veleda', '288.251.327-51', 'renanosvaldocarvalho__renanosvaldocarvalho@mktec.com.br', 18, 937700589, 42);
INSERT INTO CLIENTE (ID_CLIENTE, NOME, CPF, EMAIL, DDD, TELEFONE, FK_ID_ENDERECO) VALUES(83, 'Caio Outeiro Vital', '643.448.995-12', 'vicentejosebarros_@dkcarmo.com', 67, 993871373, 43);
INSERT INTO CLIENTE (ID_CLIENTE, NOME, CPF, EMAIL, DDD, TELEFONE, FK_ID_ENDERECO) VALUES(84, 'Salomão Pestana Rodrigues', '274.777.393-06', 'cceciliafranciscaterezadias@lajescobre.com', 65, 946151401, 44);

/*FORNECEDOR - 15 REGISTROS*/

INSERT INTO FORNECEDOR (ID_FORNECEDOR, NOME, RAZAO, CNPJ, EMAIL, DDD, TELEFONE, FK2_ID_ENDERECO) VALUES(90, 'Elaine e Marcos Contábil Ltda', 'Marcos Contabilidade', '25.083.171/0001-52', 'contabilidade@elaineemarcoscontabilltda.com.br', 15, 991079496, 45);
INSERT INTO FORNECEDOR (ID_FORNECEDOR, NOME, RAZAO, CNPJ, EMAIL, DDD, TELEFONE, FK2_ID_ENDERECO) VALUES(91, 'Nicole e Manoel Joalheria Ltda', 'Manoel Joalheria', '92.295.873/0001-97', 'comunicacoes@nicoleemanoeljoalherialtda.com.br', 12, 992101688, 46);
INSERT INTO FORNECEDOR (ID_FORNECEDOR, NOME, RAZAO, CNPJ, EMAIL, DDD, TELEFONE, FK2_ID_ENDERECO) VALUES(92, 'Caio e Esther Contábil ME', 'Esther Contabil', '99.244.194/0001-38', 'marketing@caioeesthercontabilme.com.br', 14, 683683072, 47);
INSERT INTO FORNECEDOR (ID_FORNECEDOR, NOME, RAZAO, CNPJ, EMAIL, DDD, TELEFONE, FK2_ID_ENDERECO) VALUES(93, 'Roberto e Lucca Vidros ME', 'Vidraçaria Lucca', '04.686.830/0001-75', 'suporte@robertoeluccavidrosme.com.br', 11, 449308745, 48);
INSERT INTO FORNECEDOR (ID_FORNECEDOR, NOME, RAZAO, CNPJ, EMAIL, DDD, TELEFONE, FK2_ID_ENDERECO) VALUES(94, 'Isabela e Nathan Assessoria Jurídica ME', 'IN Advogados', '92.968.027/0001-90', 'desenvolvimento@isabelaenathanassessoriajuridicame.com.br', 54, 844789590, 49);
INSERT INTO FORNECEDOR (ID_FORNECEDOR, NOME, RAZAO, CNPJ, EMAIL, DDD, TELEFONE, FK2_ID_ENDERECO) VALUES(95, 'Rafael e Liz Limpeza Ltda', 'Liz Limpezas', '09.479.561/0001-90', 'administracao@rafaelelizlimpezaltda.com.br', 12, 775189987, 50);
INSERT INTO FORNECEDOR (ID_FORNECEDOR, NOME, RAZAO, CNPJ, EMAIL, DDD, TELEFONE, FK2_ID_ENDERECO) VALUES(96, 'Manuel e Jéssica Lavanderia ME', 'Manuel Lavanderia', '13.293.108/0001-61', 'contabilidade@manuelejessicalavanderiame.com.br', 33, 394323274, 51);
INSERT INTO FORNECEDOR (ID_FORNECEDOR, NOME, RAZAO, CNPJ, EMAIL, DDD, TELEFONE, FK2_ID_ENDERECO) VALUES(97, 'Alessandra e Miguel Alimentos Ltda', 'AM Alimentos', '08.413.528/0001-02', 'ti@alessandraemiguelalimentosltda.com.br', 23, 192015246, 52);
INSERT INTO FORNECEDOR (ID_FORNECEDOR, NOME, RAZAO, CNPJ, EMAIL, DDD, TELEFONE, FK2_ID_ENDERECO) VALUES(98, 'Theo e Davi Eletrônica ME', 'TD Eletronica', '98.482.678/0001-52', 'orcamento@theoedavieletronicame.com.br', 98, 619684145, 53);
INSERT INTO FORNECEDOR (ID_FORNECEDOR, NOME, RAZAO, CNPJ, EMAIL, DDD, TELEFONE, FK2_ID_ENDERECO) VALUES(99, 'Gabriela e Helena Filmagens ME', 'Helena Filmagens', '22.407.021/0001-69', 'fabricacao@gabrielaehelenafilmagensme.com.br', 92, 725745924, 54);
INSERT INTO FORNECEDOR (ID_FORNECEDOR, NOME, RAZAO, CNPJ, EMAIL, DDD, TELEFONE, FK2_ID_ENDERECO) VALUES(100, 'Marli e Antonio Entregas Expressas Ltda', 'Marli Entregas', '23.694.316/0001-26', 'vendas@marlieantonioentregasexpressasltda.com.br', 56, 459262588, 55);
INSERT INTO FORNECEDOR (ID_FORNECEDOR, NOME, RAZAO, CNPJ, EMAIL, DDD, TELEFONE, FK2_ID_ENDERECO) VALUES(101, 'Carolina e Elza Eletrônica Ltda', 'CEletronica', '22.514.135/0001-08', 'compras@carolinaeelzaeletronicaltda.com.br', 58, 520086299, 56);
INSERT INTO FORNECEDOR (ID_FORNECEDOR, NOME, RAZAO, CNPJ, EMAIL, DDD, TELEFONE, FK2_ID_ENDERECO) VALUES(102, 'Analu e Enzo Telecomunicações ME', 'Enzo Telecom', '64.183.596/0001-95', 'diretoria@analueenzotelecomunicacoesme.com.br', 44, 808982504, 57);
INSERT INTO FORNECEDOR (ID_FORNECEDOR, NOME, RAZAO, CNPJ, EMAIL, DDD, TELEFONE, FK2_ID_ENDERECO) VALUES(103, 'André e Raul Mudanças ME', 'Mudanças Raul', '91.110.866/0001-00', 'pesquisa@andreeraulmudancasme.com.br', 28, 355475664, 58);
INSERT INTO FORNECEDOR (ID_FORNECEDOR, NOME, RAZAO, CNPJ, EMAIL, DDD, TELEFONE, FK2_ID_ENDERECO) VALUES(104, 'José e Carolina Vidros Ltda', 'Vidraçaria Carolina', '83.664.506/0001-22', 'fiscal@joseecarolinavidrosltda.com.br', 30, 494496561, 59);

/*FINANCEIRO - 50 REGISTROS*/

INSERT INTO FINANCEIRO (ID_FINANCEIRO, NUMERO, EMISSAO, VENCIMENTO, PAGAMENTO, VALOR, JUROS, MULTA, DESCONTO) VALUES(110, 50, TO_DATE('01/01/2020'), TO_DATE('10/01/2020'), TO_DATE('11/01/2020'), 100.00, 161.00, 68.00, 10.00);
INSERT INTO FINANCEIRO (ID_FINANCEIRO, NUMERO, EMISSAO, VENCIMENTO, PAGAMENTO, VALOR, JUROS, MULTA, DESCONTO) VALUES(111, 50, TO_DATE('11/12/2016'), TO_DATE('21/12/2016'), TO_DATE('24/12/2016'), 2442.00, 94.00, 87.00, 412.00);
INSERT INTO FINANCEIRO (ID_FINANCEIRO, NUMERO, EMISSAO, VENCIMENTO, PAGAMENTO, VALOR, JUROS, MULTA, DESCONTO) VALUES(112, 50, TO_DATE('08/02/2008'), TO_DATE('18/02/2008'), TO_DATE('28/02/2008'), 5166.00, 10.00, 59.00, 495.00);
INSERT INTO FINANCEIRO (ID_FINANCEIRO, NUMERO, EMISSAO, VENCIMENTO, PAGAMENTO, VALOR, JUROS, MULTA, DESCONTO) VALUES(113, 50, TO_DATE('01/07/2013'), TO_DATE('10/07/2013'), TO_DATE('20/09/2013'), 628.00, 115.00, 100.00, 333.00);
INSERT INTO FINANCEIRO (ID_FINANCEIRO, NUMERO, EMISSAO, VENCIMENTO, PAGAMENTO, VALOR, JUROS, MULTA, DESCONTO) VALUES(114, 50, TO_DATE('05/03/2015'), TO_DATE('15/03/2015'), TO_DATE('17/03/2015'), 3310.00, 52.00, 49.00, 336.00);
INSERT INTO FINANCEIRO (ID_FINANCEIRO, NUMERO, EMISSAO, VENCIMENTO, PAGAMENTO, VALOR, JUROS, MULTA, DESCONTO) VALUES(115, 50, TO_DATE('19/09/2004'), TO_DATE('29/09/2004'), TO_DATE('30/09/2004'), 4868.00, 181.00, 24.00, 435.00);
INSERT INTO FINANCEIRO (ID_FINANCEIRO, NUMERO, EMISSAO, VENCIMENTO, PAGAMENTO, VALOR, JUROS, MULTA, DESCONTO) VALUES(116, 50, TO_DATE('04/09/2010'), TO_DATE('14/09/2010'), TO_DATE('13/09/2010'), 4745.00, 116.00, 89.00, 497.00);
INSERT INTO FINANCEIRO (ID_FINANCEIRO, NUMERO, EMISSAO, VENCIMENTO, PAGAMENTO, VALOR, JUROS, MULTA, DESCONTO) VALUES(117, 50, TO_DATE('27/06/2016'), TO_DATE('07/07/2016'), TO_DATE('01/07/2016'), 3538.00, 12.00, 45.00, 310.00);
INSERT INTO FINANCEIRO (ID_FINANCEIRO, NUMERO, EMISSAO, VENCIMENTO, PAGAMENTO, VALOR, JUROS, MULTA, DESCONTO) VALUES(118, 50, TO_DATE('19/01/2010'), TO_DATE('29/01/2010'), TO_DATE('20/01/2010'), 7408.00, 18.00, 57.00, 345.00);
INSERT INTO FINANCEIRO (ID_FINANCEIRO, NUMERO, EMISSAO, VENCIMENTO, PAGAMENTO, VALOR, JUROS, MULTA, DESCONTO) VALUES(119, 50, TO_DATE('18/07/2009'), TO_DATE('28/07/2009'), TO_DATE('23/07/2009'), 5707.00, 6.00, 33.00, 425.00);
INSERT INTO FINANCEIRO (ID_FINANCEIRO, NUMERO, EMISSAO, VENCIMENTO, PAGAMENTO, VALOR, JUROS, MULTA, DESCONTO) VALUES(120, 50, TO_DATE('31/10/2000'), TO_DATE('09/11/2000'), TO_DATE('03/11/2000'), 1425.00, 29.00, 99.00, 362.00);
INSERT INTO FINANCEIRO (ID_FINANCEIRO, NUMERO, EMISSAO, VENCIMENTO, PAGAMENTO, VALOR, JUROS, MULTA, DESCONTO) VALUES(121, 50, TO_DATE('23/01/2014'), TO_DATE('03/02/2014'), TO_DATE('01/02/2014'), 4194.00, 22.00, 15.00, 427.00);
INSERT INTO FINANCEIRO (ID_FINANCEIRO, NUMERO, EMISSAO, VENCIMENTO, PAGAMENTO, VALOR, JUROS, MULTA, DESCONTO) VALUES(122, 50, TO_DATE('14/11/2006'), TO_DATE('24/11/2006'), TO_DATE('19/11/2006'), 9705.00, 88.00, 11.00, 456.00);
INSERT INTO FINANCEIRO (ID_FINANCEIRO, NUMERO, EMISSAO, VENCIMENTO, PAGAMENTO, VALOR, JUROS, MULTA, DESCONTO) VALUES(123, 50, TO_DATE('01/07/2008'), TO_DATE('10/07/2008'), TO_DATE('04/07/2008'), 7676.00, 74.00, 62.00, 307.00);
INSERT INTO FINANCEIRO (ID_FINANCEIRO, NUMERO, EMISSAO, VENCIMENTO, PAGAMENTO, VALOR, JUROS, MULTA, DESCONTO) VALUES(124, 50, TO_DATE('05/06/2005'), TO_DATE('15/06/2005'), TO_DATE('10/06/2005'), 2079.00, 121.00, 12.00, 355.00);
INSERT INTO FINANCEIRO (ID_FINANCEIRO, NUMERO, EMISSAO, VENCIMENTO, PAGAMENTO, VALOR, JUROS, MULTA, DESCONTO) VALUES(125, 50, TO_DATE('01/07/2019'), TO_DATE('10/07/2019'), TO_DATE('02/07/2019'), 7763.00, 89.00, 85.00, 460.00);
INSERT INTO FINANCEIRO (ID_FINANCEIRO, NUMERO, EMISSAO, VENCIMENTO, PAGAMENTO, VALOR, JUROS, MULTA, DESCONTO) VALUES(126, 50, TO_DATE('26/02/2014'), TO_DATE('06/03/2014'), TO_DATE('03/03/2014'), 5289.00, 98.00, 77.00, 463.00);
INSERT INTO FINANCEIRO (ID_FINANCEIRO, NUMERO, EMISSAO, VENCIMENTO, PAGAMENTO, VALOR, JUROS, MULTA, DESCONTO) VALUES(127, 50, TO_DATE('23/07/2016'), TO_DATE('03/08/2016'), TO_DATE('01/08/2016'), 1735.00, 141.00, 75.00, 311.00);
INSERT INTO FINANCEIRO (ID_FINANCEIRO, NUMERO, EMISSAO, VENCIMENTO, PAGAMENTO, VALOR, JUROS, MULTA, DESCONTO) VALUES(128, 50, TO_DATE('13/01/2017'), TO_DATE('23/01/2017'), TO_DATE('18/01/2017'), 4260.00, 157.00, 27.00, 386.00);
INSERT INTO FINANCEIRO (ID_FINANCEIRO, NUMERO, EMISSAO, VENCIMENTO, PAGAMENTO, VALOR, JUROS, MULTA, DESCONTO) VALUES(129, 50, TO_DATE('03/08/2017'), TO_DATE('13/08/2017'), TO_DATE('05/08/2017'), 3293.00, 131.00, 51.00, 457.00);
INSERT INTO FINANCEIRO (ID_FINANCEIRO, NUMERO, EMISSAO, VENCIMENTO, PAGAMENTO, VALOR, JUROS, MULTA, DESCONTO) VALUES(130, 50, TO_DATE('11/05/2020'), TO_DATE('21/05/2020'), TO_DATE('13/05/2020'), 3629.00, 77.00, 80.00, 370.00);
INSERT INTO FINANCEIRO (ID_FINANCEIRO, NUMERO, EMISSAO, VENCIMENTO, PAGAMENTO, VALOR, JUROS, MULTA, DESCONTO) VALUES(131, 50, TO_DATE('04/11/2019'), TO_DATE('14/11/2019'), TO_DATE('10/11/2019'), 6137.00, 3.00, 18.00, 391.00);
INSERT INTO FINANCEIRO (ID_FINANCEIRO, NUMERO, EMISSAO, VENCIMENTO, PAGAMENTO, VALOR, JUROS, MULTA, DESCONTO) VALUES(132, 50, TO_DATE('03/12/2016'), TO_DATE('13/12/2016'), TO_DATE('10/12/2016'), 4638.00, 163.00, 30.00, 380.00);
INSERT INTO FINANCEIRO (ID_FINANCEIRO, NUMERO, EMISSAO, VENCIMENTO, PAGAMENTO, VALOR, JUROS, MULTA, DESCONTO) VALUES(133, 50, TO_DATE('04/03/2017'), TO_DATE('14/03/2017'), TO_DATE('10/03/2017'), 7691.00, 155.00, 34.00, 452.00);
INSERT INTO FINANCEIRO (ID_FINANCEIRO, NUMERO, EMISSAO, VENCIMENTO, PAGAMENTO, VALOR, JUROS, MULTA, DESCONTO) VALUES(134, 50, TO_DATE('25/08/2013'), TO_DATE('05/09/2013'), TO_DATE('01/09/2013'), 1384.00, 27.00, 16.00, 327.00);
INSERT INTO FINANCEIRO (ID_FINANCEIRO, NUMERO, EMISSAO, VENCIMENTO, PAGAMENTO, VALOR, JUROS, MULTA, DESCONTO) VALUES(135, 50, TO_DATE('29/09/2016'), TO_DATE('09/10/2016'), TO_DATE('03/10/2016'), 7684.00, 139.00, 57.00, 485.00);
INSERT INTO FINANCEIRO (ID_FINANCEIRO, NUMERO, EMISSAO, VENCIMENTO, PAGAMENTO, VALOR, JUROS, MULTA, DESCONTO) VALUES(136, 50, TO_DATE('15/03/2016'), TO_DATE('25/03/2016'), TO_DATE('20/03/2016'), 7810.00, 137.00, 37.00, 424.00);
INSERT INTO FINANCEIRO (ID_FINANCEIRO, NUMERO, EMISSAO, VENCIMENTO, PAGAMENTO, VALOR, JUROS, MULTA, DESCONTO) VALUES(137, 50, TO_DATE('18/09/2019'), TO_DATE('28/09/2019'), TO_DATE('22/09/2019'), 5786.00, 145.00, 56.00, 404.00);
INSERT INTO FINANCEIRO (ID_FINANCEIRO, NUMERO, EMISSAO, VENCIMENTO, PAGAMENTO, VALOR, JUROS, MULTA, DESCONTO) VALUES(138, 50, TO_DATE('07/01/2017'), TO_DATE('17/01/2017'), TO_DATE('08/01/2017'), 5862.00, 198.00, 60.00, 479.00);
INSERT INTO FINANCEIRO (ID_FINANCEIRO, NUMERO, EMISSAO, VENCIMENTO, PAGAMENTO, VALOR, JUROS, MULTA, DESCONTO) VALUES(139, 50, TO_DATE('06/01/2013'), TO_DATE('16/01/2013'), TO_DATE('10/01/2013'), 785.00, 61.00, 86.00, 396.00);
INSERT INTO FINANCEIRO (ID_FINANCEIRO, NUMERO, EMISSAO, VENCIMENTO, PAGAMENTO, VALOR, JUROS, MULTA, DESCONTO) VALUES(140, 50, TO_DATE('01/10/2019'), TO_DATE('10/10/2019'), TO_DATE('03/10/2019'), 637.00, 174.00, 26.00, 316.00);
INSERT INTO FINANCEIRO (ID_FINANCEIRO, NUMERO, EMISSAO, VENCIMENTO, PAGAMENTO, VALOR, JUROS, MULTA, DESCONTO) VALUES(141, 50, TO_DATE('14/06/2016'), TO_DATE('24/06/2016'), TO_DATE('20/06/2016'), 7980.00, 127.00, 93.00, 473.00);
INSERT INTO FINANCEIRO (ID_FINANCEIRO, NUMERO, EMISSAO, VENCIMENTO, PAGAMENTO, VALOR, JUROS, MULTA, DESCONTO) VALUES(142, 50, TO_DATE('19/03/2016'), TO_DATE('29/03/2016'), TO_DATE('25/03/2016'), 1444.00, 70.00, 47.00, 429.00);
INSERT INTO FINANCEIRO (ID_FINANCEIRO, NUMERO, EMISSAO, VENCIMENTO, PAGAMENTO, VALOR, JUROS, MULTA, DESCONTO) VALUES(143, 50, TO_DATE('28/03/2020'), TO_DATE('08/04/2020'), TO_DATE('03/04/2020'), 7121.00, 89.00, 20.00, 352.00);
INSERT INTO FINANCEIRO (ID_FINANCEIRO, NUMERO, EMISSAO, VENCIMENTO, PAGAMENTO, VALOR, JUROS, MULTA, DESCONTO) VALUES(144, 50, TO_DATE('07/10/2016'), TO_DATE('17/10/2016'), TO_DATE('13/10/2016'), 2325.00, 83.00, 85.00, 408.00);
INSERT INTO FINANCEIRO (ID_FINANCEIRO, NUMERO, EMISSAO, VENCIMENTO, PAGAMENTO, VALOR, JUROS, MULTA, DESCONTO) VALUES(145, 50, TO_DATE('26/11/2012'), TO_DATE('06/12/2012'), TO_DATE('05/12/2012'), 7404.00, 69.00, 18.00, 348.00);
INSERT INTO FINANCEIRO (ID_FINANCEIRO, NUMERO, EMISSAO, VENCIMENTO, PAGAMENTO, VALOR, JUROS, MULTA, DESCONTO) VALUES(146, 50, TO_DATE('11/03/2015'), TO_DATE('21/03/2015'), TO_DATE('21/03/2015'), 4989.00, 142.00, 48.00, 418.00);
INSERT INTO FINANCEIRO (ID_FINANCEIRO, NUMERO, EMISSAO, VENCIMENTO, PAGAMENTO, VALOR, JUROS, MULTA, DESCONTO) VALUES(147, 50, TO_DATE('18/01/2015'), TO_DATE('28/01/2015'), TO_DATE('23/01/2015'), 1910.00, 151.00, 16.00, 308.00);
INSERT INTO FINANCEIRO (ID_FINANCEIRO, NUMERO, EMISSAO, VENCIMENTO, PAGAMENTO, VALOR, JUROS, MULTA, DESCONTO) VALUES(148, 50, TO_DATE('13/09/2017'), TO_DATE('23/09/2017'), TO_DATE('20/09/2017'), 942.00, 55.00, 32.00, 474.00);
INSERT INTO FINANCEIRO (ID_FINANCEIRO, NUMERO, EMISSAO, VENCIMENTO, PAGAMENTO, VALOR, JUROS, MULTA, DESCONTO) VALUES(149, 50, TO_DATE('10/12/2017'), TO_DATE('20/12/2017'), TO_DATE('15/12/2017'), 2397.00, 85.00, 97.00, 481.00);
INSERT INTO FINANCEIRO (ID_FINANCEIRO, NUMERO, EMISSAO, VENCIMENTO, PAGAMENTO, VALOR, JUROS, MULTA, DESCONTO) VALUES(150, 50, TO_DATE('07/07/2013'), TO_DATE('17/07/2013'), TO_DATE('11/07/2013'), 7468.00, 154.00, 35.00, 489.00);
INSERT INTO FINANCEIRO (ID_FINANCEIRO, NUMERO, EMISSAO, VENCIMENTO, PAGAMENTO, VALOR, JUROS, MULTA, DESCONTO) VALUES(151, 50, TO_DATE('17/04/2019'), TO_DATE('27/04/2019'), TO_DATE('22/04/2019'), 2217.00, 187.00, 7.00, 490.00);
INSERT INTO FINANCEIRO (ID_FINANCEIRO, NUMERO, EMISSAO, VENCIMENTO, PAGAMENTO, VALOR, JUROS, MULTA, DESCONTO) VALUES(152, 50, TO_DATE('17/05/2017'), TO_DATE('27/05/2017'), TO_DATE('24/05/2017'), 6442.00, 47.00, 73.00, 388.00);
INSERT INTO FINANCEIRO (ID_FINANCEIRO, NUMERO, EMISSAO, VENCIMENTO, PAGAMENTO, VALOR, JUROS, MULTA, DESCONTO) VALUES(153, 50, TO_DATE('13/11/2019'), TO_DATE('23/11/2019'), TO_DATE('19/11/2019'), 7172.00, 108.00, 51.00, 301.00);
INSERT INTO FINANCEIRO (ID_FINANCEIRO, NUMERO, EMISSAO, VENCIMENTO, PAGAMENTO, VALOR, JUROS, MULTA, DESCONTO) VALUES(154, 50, TO_DATE('12/02/2020'), TO_DATE('22/02/2020'), TO_DATE('20/02/2020'), 9744.00, 13.00, 72.00, 475.00);
INSERT INTO FINANCEIRO (ID_FINANCEIRO, NUMERO, EMISSAO, VENCIMENTO, PAGAMENTO, VALOR, JUROS, MULTA, DESCONTO) VALUES(155, 50, TO_DATE('09/08/2018'), TO_DATE('19/08/2018'), TO_DATE('16/08/2018'), 8372.00, 24.00, 31.00, 409.00);
INSERT INTO FINANCEIRO (ID_FINANCEIRO, NUMERO, EMISSAO, VENCIMENTO, PAGAMENTO, VALOR, JUROS, MULTA, DESCONTO) VALUES(156, 50, TO_DATE('27/08/2018'), TO_DATE('07/09/2018'), TO_DATE('06/09/2018'), 4934.00, 132.00, 77.00, 372.00);
INSERT INTO FINANCEIRO (ID_FINANCEIRO, NUMERO, EMISSAO, VENCIMENTO, PAGAMENTO, VALOR, JUROS, MULTA, DESCONTO) VALUES(157, 50, TO_DATE('12/10/2020'), TO_DATE('22/11/2020'), TO_DATE('21/11/2020'), 5032.00, 110.00, 61.00, 365.00);
INSERT INTO FINANCEIRO (ID_FINANCEIRO, NUMERO, EMISSAO, VENCIMENTO, PAGAMENTO, VALOR, JUROS, MULTA, DESCONTO) VALUES(158, 50, TO_DATE('12/10/2020'), TO_DATE('22/10/2020'), TO_DATE('17/10/2020'), 9957.00, 159.00, 38.00, 324.00);
INSERT INTO FINANCEIRO (ID_FINANCEIRO, NUMERO, EMISSAO, VENCIMENTO, PAGAMENTO, VALOR, JUROS, MULTA, DESCONTO) VALUES(159, 50, TO_DATE('29/08/2018'), TO_DATE('09/09/2018'), TO_DATE('06/09/2018'), 9045.00, 184.00, 12.00, 321.00);

/*RECEBER - 30 REGISTROS*/

INSERT INTO RECEBER (FK2_ID_FINANCEIRO, FK_ID_CLIENTE, NOTA_FISCAL) VALUES (110, 70, '04857578-0');
INSERT INTO RECEBER (FK2_ID_FINANCEIRO, FK_ID_CLIENTE, NOTA_FISCAL) VALUES (111, 71, '57792835-0');
INSERT INTO RECEBER (FK2_ID_FINANCEIRO, FK_ID_CLIENTE, NOTA_FISCAL) VALUES (112, 72, '65275164-4');
INSERT INTO RECEBER (FK2_ID_FINANCEIRO, FK_ID_CLIENTE, NOTA_FISCAL) VALUES (113, 73, '00577548-5');
INSERT INTO RECEBER (FK2_ID_FINANCEIRO, FK_ID_CLIENTE, NOTA_FISCAL) VALUES (114, 74, '83124723-1');
INSERT INTO RECEBER (FK2_ID_FINANCEIRO, FK_ID_CLIENTE, NOTA_FISCAL) VALUES (115, 75, '75547494-5');
INSERT INTO RECEBER (FK2_ID_FINANCEIRO, FK_ID_CLIENTE, NOTA_FISCAL) VALUES (116, 76, '33787287-2');
INSERT INTO RECEBER (FK2_ID_FINANCEIRO, FK_ID_CLIENTE, NOTA_FISCAL) VALUES (117, 77, '91426186-0');
INSERT INTO RECEBER (FK2_ID_FINANCEIRO, FK_ID_CLIENTE, NOTA_FISCAL) VALUES (118, 78, '75613981-3');
INSERT INTO RECEBER (FK2_ID_FINANCEIRO, FK_ID_CLIENTE, NOTA_FISCAL) VALUES (119, 79, '01952743-8');
INSERT INTO RECEBER (FK2_ID_FINANCEIRO, FK_ID_CLIENTE, NOTA_FISCAL) VALUES (120, 80, '06426623-0');
INSERT INTO RECEBER (FK2_ID_FINANCEIRO, FK_ID_CLIENTE, NOTA_FISCAL) VALUES (121, 81, '85664841-8');
INSERT INTO RECEBER (FK2_ID_FINANCEIRO, FK_ID_CLIENTE, NOTA_FISCAL) VALUES (122, 82, '65453529-9');
INSERT INTO RECEBER (FK2_ID_FINANCEIRO, FK_ID_CLIENTE, NOTA_FISCAL) VALUES (123, 83, '75096082-5');
INSERT INTO RECEBER (FK2_ID_FINANCEIRO, FK_ID_CLIENTE, NOTA_FISCAL) VALUES (124, 84, '93469013-8');
INSERT INTO RECEBER (FK2_ID_FINANCEIRO, FK_ID_CLIENTE, NOTA_FISCAL) VALUES (125, 70, '39362194-4');
INSERT INTO RECEBER (FK2_ID_FINANCEIRO, FK_ID_CLIENTE, NOTA_FISCAL) VALUES (126, 71, '41767019-2');
INSERT INTO RECEBER (FK2_ID_FINANCEIRO, FK_ID_CLIENTE, NOTA_FISCAL) VALUES (127, 72, '88729531-2');
INSERT INTO RECEBER (FK2_ID_FINANCEIRO, FK_ID_CLIENTE, NOTA_FISCAL) VALUES (128, 73, '50955760-0');
INSERT INTO RECEBER (FK2_ID_FINANCEIRO, FK_ID_CLIENTE, NOTA_FISCAL) VALUES (129, 74, '17557678-5');
INSERT INTO RECEBER (FK2_ID_FINANCEIRO, FK_ID_CLIENTE, NOTA_FISCAL) VALUES (130, 75, '55791342-0');
INSERT INTO RECEBER (FK2_ID_FINANCEIRO, FK_ID_CLIENTE, NOTA_FISCAL) VALUES (131, 76, '38896892-3');
INSERT INTO RECEBER (FK2_ID_FINANCEIRO, FK_ID_CLIENTE, NOTA_FISCAL) VALUES (132, 77, '03440569-0');
INSERT INTO RECEBER (FK2_ID_FINANCEIRO, FK_ID_CLIENTE, NOTA_FISCAL) VALUES (133, 78, '01536447-0');
INSERT INTO RECEBER (FK2_ID_FINANCEIRO, FK_ID_CLIENTE, NOTA_FISCAL) VALUES (134, 79, '13768321-9');
INSERT INTO RECEBER (FK2_ID_FINANCEIRO, FK_ID_CLIENTE, NOTA_FISCAL) VALUES (135, 80, '60872516-1');
INSERT INTO RECEBER (FK2_ID_FINANCEIRO, FK_ID_CLIENTE, NOTA_FISCAL) VALUES (136, 81, '95494667-7');
INSERT INTO RECEBER (FK2_ID_FINANCEIRO, FK_ID_CLIENTE, NOTA_FISCAL) VALUES (137, 82, '66060323-3');
INSERT INTO RECEBER (FK2_ID_FINANCEIRO, FK_ID_CLIENTE, NOTA_FISCAL) VALUES (138, 83, '73637163-0');
INSERT INTO RECEBER (FK2_ID_FINANCEIRO, FK_ID_CLIENTE, NOTA_FISCAL) VALUES (139, 84, '67030302-0');

/*PAGAR - 20 REGISTROS*/

INSERT INTO PAGAR (FK_ID_FINANCEIRO, FK_ID_FORNECEDOR, BOLETO) VALUES (140, 90, '26178226');
INSERT INTO PAGAR (FK_ID_FINANCEIRO, FK_ID_FORNECEDOR, BOLETO) VALUES (141, 91, '82369124');
INSERT INTO PAGAR (FK_ID_FINANCEIRO, FK_ID_FORNECEDOR, BOLETO) VALUES (142, 92, '25686897');
INSERT INTO PAGAR (FK_ID_FINANCEIRO, FK_ID_FORNECEDOR, BOLETO) VALUES (143, 93, '43649254');
INSERT INTO PAGAR (FK_ID_FINANCEIRO, FK_ID_FORNECEDOR, BOLETO) VALUES (144, 94, '44858991');
INSERT INTO PAGAR (FK_ID_FINANCEIRO, FK_ID_FORNECEDOR, BOLETO) VALUES (145, 95, '35139469');
INSERT INTO PAGAR (FK_ID_FINANCEIRO, FK_ID_FORNECEDOR, BOLETO) VALUES (146, 96, '21120055');
INSERT INTO PAGAR (FK_ID_FINANCEIRO, FK_ID_FORNECEDOR, BOLETO) VALUES (147, 97, '10649884');
INSERT INTO PAGAR (FK_ID_FINANCEIRO, FK_ID_FORNECEDOR, BOLETO) VALUES (148, 98, '22284966');
INSERT INTO PAGAR (FK_ID_FINANCEIRO, FK_ID_FORNECEDOR, BOLETO) VALUES (149, 99, '88740158');
INSERT INTO PAGAR (FK_ID_FINANCEIRO, FK_ID_FORNECEDOR, BOLETO) VALUES (150, 100, '74790545');
INSERT INTO PAGAR (FK_ID_FINANCEIRO, FK_ID_FORNECEDOR, BOLETO) VALUES (151, 101, '69949784');
INSERT INTO PAGAR (FK_ID_FINANCEIRO, FK_ID_FORNECEDOR, BOLETO) VALUES (152, 102, '92395668');
INSERT INTO PAGAR (FK_ID_FINANCEIRO, FK_ID_FORNECEDOR, BOLETO) VALUES (153, 103, '37159368');
INSERT INTO PAGAR (FK_ID_FINANCEIRO, FK_ID_FORNECEDOR, BOLETO) VALUES (154, 104, '10811437');
INSERT INTO PAGAR (FK_ID_FINANCEIRO, FK_ID_FORNECEDOR, BOLETO) VALUES (155, 90, '17272018');
INSERT INTO PAGAR (FK_ID_FINANCEIRO, FK_ID_FORNECEDOR, BOLETO) VALUES (156, 91, '17842162');
INSERT INTO PAGAR (FK_ID_FINANCEIRO, FK_ID_FORNECEDOR, BOLETO) VALUES (157, 92, '82612257');
INSERT INTO PAGAR (FK_ID_FINANCEIRO, FK_ID_FORNECEDOR, BOLETO) VALUES (158, 93, '61194177');
INSERT INTO PAGAR (FK_ID_FINANCEIRO, FK_ID_FORNECEDOR, BOLETO) VALUES (159, 94, '49845283');