/*TRABALHO 02 DE LINGUAGEM DE PROGRAMAÇAO DE BANCO DE DADOS*/
/*DEVELOPED BY GUILHERME COSTA*/

/*INSERÇAO DE REGISTROS NAS TABELAS CRIADAS*/

/*ESTADO - 27 REGISTROS*/
INSERT INTO ESTADO (ID_ESTADO, NOME_ESTADO, UF) VALUES (1, 'ACRE', 'AC');
INSERT INTO ESTADO (ID_ESTADO, NOME_ESTADO, UF) VALUES (2, 'ALAGOAS', 'AL');
INSERT INTO ESTADO (ID_ESTADO, NOME_ESTADO, UF) VALUES (3, 'AMAPA', 'AP');
INSERT INTO ESTADO (ID_ESTADO, NOME_ESTADO, UF) VALUES (4, 'AMAZONAS', 'AM');
INSERT INTO ESTADO (ID_ESTADO, NOME_ESTADO, UF) VALUES (5, 'BAHIA', 'BA');
INSERT INTO ESTADO (ID_ESTADO, NOME_ESTADO, UF) VALUES (6, 'CEARA', 'CE');
INSERT INTO ESTADO (ID_ESTADO, NOME_ESTADO, UF) VALUES (7, 'DISTRITO FEDERAL', 'DF');
INSERT INTO ESTADO (ID_ESTADO, NOME_ESTADO, UF) VALUES (8, 'ESPIRITO SANTO', 'ES');
INSERT INTO ESTADO (ID_ESTADO, NOME_ESTADO, UF) VALUES (9, 'GOIAS', 'GO');
INSERT INTO ESTADO (ID_ESTADO, NOME_ESTADO, UF) VALUES (10, 'MARANHAO', 'MA');
INSERT INTO ESTADO (ID_ESTADO, NOME_ESTADO, UF) VALUES (11, 'MATO GROSSO', 'MT');
INSERT INTO ESTADO (ID_ESTADO, NOME_ESTADO, UF) VALUES (12, 'MATO GROSSO DO SUL', 'MS');
INSERT INTO ESTADO (ID_ESTADO, NOME_ESTADO, UF) VALUES (13, 'MINAS GERAIS', 'MG');
INSERT INTO ESTADO (ID_ESTADO, NOME_ESTADO, UF) VALUES (14, 'PARA', 'PA');
INSERT INTO ESTADO (ID_ESTADO, NOME_ESTADO, UF) VALUES (15, 'PARAIBA', 'PB');
INSERT INTO ESTADO (ID_ESTADO, NOME_ESTADO, UF) VALUES (16, 'PARANA', 'PR');
INSERT INTO ESTADO (ID_ESTADO, NOME_ESTADO, UF) VALUES (17, 'PERNAMBUCO', 'PE');
INSERT INTO ESTADO (ID_ESTADO, NOME_ESTADO, UF) VALUES (18, 'PIAUI', 'PI');
INSERT INTO ESTADO (ID_ESTADO, NOME_ESTADO, UF) VALUES (19, 'RIO DE JANEIRO', 'RJ');
INSERT INTO ESTADO (ID_ESTADO, NOME_ESTADO, UF) VALUES (20, 'RIO GRANDE DO NORTE', 'RN');
INSERT INTO ESTADO (ID_ESTADO, NOME_ESTADO, UF) VALUES (21, 'RIO GRANDE DO SUL', 'RS');
INSERT INTO ESTADO (ID_ESTADO, NOME_ESTADO, UF) VALUES (22, 'RONDONIA', 'RO');
INSERT INTO ESTADO (ID_ESTADO, NOME_ESTADO, UF) VALUES (23, 'RORAIMA', 'RR');
INSERT INTO ESTADO (ID_ESTADO, NOME_ESTADO, UF) VALUES (24, 'SANTA CATARINA', 'SC');
INSERT INTO ESTADO (ID_ESTADO, NOME_ESTADO, UF) VALUES (25, 'SAO PAULO', 'SP');
INSERT INTO ESTADO (ID_ESTADO, NOME_ESTADO, UF) VALUES (26, 'SERGIPE', 'SE');
INSERT INTO ESTADO (ID_ESTADO, NOME_ESTADO, UF) VALUES (27, 'TOCANTINS', 'TO');

/*ENDEREÇO - 30 REGISTROS*/

INSERT INTO ENDERECO (ID_ENDERECO, TIPO, LOGRADOURO, CIDADE, FK_ID_ESTADO) VALUES(30, 'Rua', 'T', 'Aracaju', 26);
INSERT INTO ENDERECO (ID_ENDERECO, TIPO, LOGRADOURO, CIDADE, FK_ID_ESTADO) VALUES(31, 'Beco', 'Santo Cristo', 'Rio de Janeiro', 19);
INSERT INTO ENDERECO (ID_ENDERECO, TIPO, LOGRADOURO, CIDADE, FK_ID_ESTADO) VALUES(32, 'Rua', 'S-003', 'Jataí', 9);
INSERT INTO ENDERECO (ID_ENDERECO, TIPO, LOGRADOURO, CIDADE, FK_ID_ESTADO) VALUES(33, 'Travessa', 'Santa Catarina', 'Salvador', 5);
INSERT INTO ENDERECO (ID_ENDERECO, TIPO, LOGRADOURO, CIDADE, FK_ID_ESTADO) VALUES(34, 'Rua', 'Principal, s/n', 'Santa Helena', 24);
INSERT INTO ENDERECO (ID_ENDERECO, TIPO, LOGRADOURO, CIDADE, FK_ID_ESTADO) VALUES(35, 'Avenida', 'Djalma Batista 482', 'Manaus', 3);
INSERT INTO ENDERECO (ID_ENDERECO, TIPO, LOGRADOURO, CIDADE, FK_ID_ESTADO) VALUES(36, 'Rua', 'Alfredo Gaspar', 'Campo Grande', 12);
INSERT INTO ENDERECO (ID_ENDERECO, TIPO, LOGRADOURO, CIDADE, FK_ID_ESTADO) VALUES(37, 'Rua', 'Nivaldo da Conceição Gutierrez', 'Boa Vista', 23);
INSERT INTO ENDERECO (ID_ENDERECO, TIPO, LOGRADOURO, CIDADE, FK_ID_ESTADO) VALUES(38, 'Rua', 'Libra', 'Boa Vista', 23);
INSERT INTO ENDERECO (ID_ENDERECO, TIPO, LOGRADOURO, CIDADE, FK_ID_ESTADO) VALUES(39, 'Rua', 'Eduardo Puddo', 'Mogi das Cruzes', 25);
INSERT INTO ENDERECO (ID_ENDERECO, TIPO, LOGRADOURO, CIDADE, FK_ID_ESTADO) VALUES(40, 'Rua', 'Cento e Vinte e Seis', 'Cuiabá', 11);
INSERT INTO ENDERECO (ID_ENDERECO, TIPO, LOGRADOURO, CIDADE, FK_ID_ESTADO) VALUES(41, 'Rua', 'Juca Ruivo', 'Alegrete', 21);
INSERT INTO ENDERECO (ID_ENDERECO, TIPO, LOGRADOURO, CIDADE, FK_ID_ESTADO) VALUES(42, 'Rua', '10A Chácara 123', 'Brasília', 7);
INSERT INTO ENDERECO (ID_ENDERECO, TIPO, LOGRADOURO, CIDADE, FK_ID_ESTADO) VALUES(43, 'Rua', 'Três Maria', 'Boa Vista', 23);
INSERT INTO ENDERECO (ID_ENDERECO, TIPO, LOGRADOURO, CIDADE, FK_ID_ESTADO) VALUES(44, 'Rua', 'Ângelo Conceição, s/n', 'Cantá', 23);
INSERT INTO ENDERECO (ID_ENDERECO, TIPO, LOGRADOURO, CIDADE, FK_ID_ESTADO) VALUES(45, 'Rua', 'da Concórdia', 'Parnamirim', 20);
INSERT INTO ENDERECO (ID_ENDERECO, TIPO, LOGRADOURO, CIDADE, FK_ID_ESTADO) VALUES(46, 'Rua', 'Marechal Floriano', 'Cabo Frio', 19);
INSERT INTO ENDERECO (ID_ENDERECO, TIPO, LOGRADOURO, CIDADE, FK_ID_ESTADO) VALUES(47, 'Rua', 'Guilhermino Bastos', 'Rio Branco', 1);
INSERT INTO ENDERECO (ID_ENDERECO, TIPO, LOGRADOURO, CIDADE, FK_ID_ESTADO) VALUES(48, 'Rua', 'C', 'Araguaína', 27);
INSERT INTO ENDERECO (ID_ENDERECO, TIPO, LOGRADOURO, CIDADE, FK_ID_ESTADO) VALUES(49, 'Rua', 'dos Farrapos', 'Porto Velho', 22);
INSERT INTO ENDERECO (ID_ENDERECO, TIPO, LOGRADOURO, CIDADE, FK_ID_ESTADO) VALUES(50, 'Travessa', 'Milton Lucena', 'Rio Branco', 1);
INSERT INTO ENDERECO (ID_ENDERECO, TIPO, LOGRADOURO, CIDADE, FK_ID_ESTADO) VALUES(51, 'Rua', 'Luiz Antônio Silveira Teixeira', 'Aracaju', 26);
INSERT INTO ENDERECO (ID_ENDERECO, TIPO, LOGRADOURO, CIDADE, FK_ID_ESTADO) VALUES(52, 'Rua', 'Professor Gilberlan Monteiro', 'Campina Grande', 15);
INSERT INTO ENDERECO (ID_ENDERECO, TIPO, LOGRADOURO, CIDADE, FK_ID_ESTADO) VALUES(53, 'Rua', 'Alferes Marcílio Machado', 'Curitiba', 16);
INSERT INTO ENDERECO (ID_ENDERECO, TIPO, LOGRADOURO, CIDADE, FK_ID_ESTADO) VALUES(54, 'Rua', 'Edmilson Aragão', 'João Pessoa', 15);
INSERT INTO ENDERECO (ID_ENDERECO, TIPO, LOGRADOURO, CIDADE, FK_ID_ESTADO) VALUES(55, 'Rua', 'Mariita Collares Garcia', 'Maranguape', 6);
INSERT INTO ENDERECO (ID_ENDERECO, TIPO, LOGRADOURO, CIDADE, FK_ID_ESTADO) VALUES(56, 'Avenida', 'Deputado Raimundo Asfora', 'Campina Grande', 15);
INSERT INTO ENDERECO (ID_ENDERECO, TIPO, LOGRADOURO, CIDADE, FK_ID_ESTADO) VALUES(57, 'Rua', 'Folhas Soltas', 'São Paulo', 25);
INSERT INTO ENDERECO (ID_ENDERECO, TIPO, LOGRADOURO, CIDADE, FK_ID_ESTADO) VALUES(58, 'Rua', 'Ayrton Senna', 'Vitória', 8);
INSERT INTO ENDERECO (ID_ENDERECO, TIPO, LOGRADOURO, CIDADE, FK_ID_ESTADO) VALUES(59, 'Rua', 'Arnóbio de Moura Velasco', 'Niterói', 19);
INSERT INTO ENDERECO (ID_ENDERECO, TIPO, LOGRADOURO, CIDADE, FK_ID_ESTADO) VALUES(60, 'Rua', 'Oito de Dezembro', 'Mage', 19);

/*CLIENTE - 15 REGISTROS*/

INSERT INTO CLIENTE (ID_CLIENTE, NOME, CPF, EMAIL, DDD, TELEFONE, FK_ID_ENDERECO) VALUES(70, 'Caleb Nathan da Mata', '878.922.726-31', 'ccalebnathandamata@projetemovelaria.com.br', 98, 983046201, 30);
INSERT INTO CLIENTE (ID_CLIENTE, NOME, CPF, EMAIL, DDD, TELEFONE, FK_ID_ENDERECO) VALUES(71, 'Maitê Andreia Castro', '475.548.269-05', 'maiteandreiacastro-88@cosma.com', 11, 984836463, 31);
INSERT INTO CLIENTE (ID_CLIENTE, NOME, CPF, EMAIL, DDD, TELEFONE, FK_ID_ENDERECO) VALUES(72, 'Erick Augusto da Paz', '005.772.322-23', 'erickaugustodapaz..erickaugustodapaz@dddrin.com.br', 96, 997613753, 32);
INSERT INTO CLIENTE (ID_CLIENTE, NOME, CPF, EMAIL, DDD, TELEFONE, FK_ID_ENDERECO) VALUES(73, 'Gael Thales Vieira', '805.130.612-07', 'lerma5514@uorak.com', 48, 954680622, 33);
INSERT INTO CLIENTE (ID_CLIENTE, NOME, CPF, EMAIL, DDD, TELEFONE, FK_ID_ENDERECO) VALUES(74, 'Janilson Álvares Argolo', '824.906.471-21', 'iiancalebefranciscoaraujo@corpus.com.br', 24, 977389409, 34);
INSERT INTO CLIENTE (ID_CLIENTE, NOME, CPF, EMAIL, DDD, TELEFONE, FK_ID_ENDERECO) VALUES(75, 'Luciano Ataíde Rosado', '704.803.604-48', 'daniloisaacbarbosa..daniloisaacbarbosa@naressi.com.br', 59, 939739386, 35);
INSERT INTO CLIENTE (ID_CLIENTE, NOME, CPF, EMAIL, DDD, TELEFONE, FK_ID_ENDERECO) VALUES(76, 'Elisama Aldeia Amorim', '897.654.685-71', 'ianluisalexandrecosta..ianluisalexandrecosta@poli.ufrj.br', 12, 915657916, 36);
INSERT INTO CLIENTE (ID_CLIENTE, NOME, CPF, EMAIL, DDD, TELEFONE, FK_ID_ENDERECO) VALUES(77, 'Nadia Barroca Lousada', '334.499.327-56', 'nnoahgustavojesus@budsoncorporation.com', 33, 967884959, 37);
INSERT INTO CLIENTE (ID_CLIENTE, NOME, CPF, EMAIL, DDD, TELEFONE, FK_ID_ENDERECO) VALUES(78, 'Sheila Lima Brandão', '836.632.832-59', 'arthuraugustocaldeira-71@dsladvogados.adv.br', 80, 989835305, 38);
INSERT INTO CLIENTE (ID_CLIENTE, NOME, CPF, EMAIL, DDD, TELEFONE, FK_ID_ENDERECO) VALUES(79, 'Sónia Toscano Caldeira', '242.416.591-28', 'anthonyandersonferreira__anthonyandersonferreira@compuativa.com.br', 83, 963008076, 39);
INSERT INTO CLIENTE (ID_CLIENTE, NOME, CPF, EMAIL, DDD, TELEFONE, FK_ID_ENDERECO) VALUES(80, 'Jacinto Maior Ninharelhos', '353.091.785-03', 'laragabriellyisabelaassis..laragabriellyisabelaassis@navescorat.com.br', 76, 902282147, 40);
INSERT INTO CLIENTE (ID_CLIENTE, NOME, CPF, EMAIL, DDD, TELEFONE, FK_ID_ENDERECO) VALUES(81, 'Arnaldo Frade Terra', '510.651.979-93', 'gaelantoniohugonunes_@lphbrasil.com.br', 83, 930707071, 41);
INSERT INTO CLIENTE (ID_CLIENTE, NOME, CPF, EMAIL, DDD, TELEFONE, FK_ID_ENDERECO) VALUES(82, 'Ibrahima Marmou Veleda', '288.251.327-51', 'renanosvaldocarvalho__renanosvaldocarvalho@mktec.com.br', 18, 937700589, 42);
INSERT INTO CLIENTE (ID_CLIENTE, NOME, CPF, EMAIL, DDD, TELEFONE, FK_ID_ENDERECO) VALUES(83, 'Caio Outeiro Vital', '643.448.995-12', 'vicentejosebarros_@dkcarmo.com', 67, 993871373, 43);
INSERT INTO CLIENTE (ID_CLIENTE, NOME, CPF, EMAIL, DDD, TELEFONE, FK_ID_ENDERECO) VALUES(84, 'Salomão Pestana Rodrigues', '274.777.393-06', 'cceciliafranciscaterezadias@lajescobre.com', 65, 946151401, 44);

/*FORNECEDOR - 15 REGISTROS*/

INSERT INTO FORNECEDOR (ID_FORNECEDOR, NOME, RAZAO, CNPJ, EMAIL, DDD, TELEFONE, FK2_ID_ENDERECO) VALUES(90, 'Elaine e Marcos Contábil Ltda', 'Marcos Contabilidade', '25.083.171/0001-52', 'contabilidade@elaineemarcoscontabilltda.com.br', 15, 991079496, 45);
INSERT INTO FORNECEDOR (ID_FORNECEDOR, NOME, RAZAO, CNPJ, EMAIL, DDD, TELEFONE, FK2_ID_ENDERECO) VALUES(91, 'Nicole e Manoel Joalheria Ltda', 'Manoel Joalheria', '92.295.873/0001-97', 'comunicacoes@nicoleemanoeljoalherialtda.com.br', 12, 992101688, 46);
INSERT INTO FORNECEDOR (ID_FORNECEDOR, NOME, RAZAO, CNPJ, EMAIL, DDD, TELEFONE, FK2_ID_ENDERECO) VALUES(92, 'Caio e Esther Contábil ME', 'Esther Contabil', '99.244.194/0001-38', 'marketing@caioeesthercontabilme.com.br', 14, 683683072, 47);
INSERT INTO FORNECEDOR (ID_FORNECEDOR, NOME, RAZAO, CNPJ, EMAIL, DDD, TELEFONE, FK2_ID_ENDERECO) VALUES(93, 'Roberto e Lucca Vidros ME', 'Vidraçaria Lucca', '04.686.830/0001-75', 'suporte@robertoeluccavidrosme.com.br', 11, 449308745, 48);
INSERT INTO FORNECEDOR (ID_FORNECEDOR, NOME, RAZAO, CNPJ, EMAIL, DDD, TELEFONE, FK2_ID_ENDERECO) VALUES(94, 'Isabela e Nathan Assessoria Jurídica ME', 'IN Advogados', '92.968.027/0001-90', 'desenvolvimento@isabelaenathanassessoriajuridicame.com.br', 54, 844789590, 49);
INSERT INTO FORNECEDOR (ID_FORNECEDOR, NOME, RAZAO, CNPJ, EMAIL, DDD, TELEFONE, FK2_ID_ENDERECO) VALUES(95, 'Rafael e Liz Limpeza Ltda', 'Liz Limpezas', '09.479.561/0001-90', 'administracao@rafaelelizlimpezaltda.com.br', 12, 775189987, 50);
INSERT INTO FORNECEDOR (ID_FORNECEDOR, NOME, RAZAO, CNPJ, EMAIL, DDD, TELEFONE, FK2_ID_ENDERECO) VALUES(96, 'Manuel e Jéssica Lavanderia ME', 'Manuel Lavanderia', '13.293.108/0001-61', 'contabilidade@manuelejessicalavanderiame.com.br', 33, 394323274, 51);
INSERT INTO FORNECEDOR (ID_FORNECEDOR, NOME, RAZAO, CNPJ, EMAIL, DDD, TELEFONE, FK2_ID_ENDERECO) VALUES(97, 'Alessandra e Miguel Alimentos Ltda', 'AM Alimentos', '08.413.528/0001-02', 'ti@alessandraemiguelalimentosltda.com.br', 23, 192015246, 52);
INSERT INTO FORNECEDOR (ID_FORNECEDOR, NOME, RAZAO, CNPJ, EMAIL, DDD, TELEFONE, FK2_ID_ENDERECO) VALUES(98, 'Theo e Davi Eletrônica ME', 'TD Eletronica', '98.482.678/0001-52', 'orcamento@theoedavieletronicame.com.br', 98, 619684145, 53);
INSERT INTO FORNECEDOR (ID_FORNECEDOR, NOME, RAZAO, CNPJ, EMAIL, DDD, TELEFONE, FK2_ID_ENDERECO) VALUES(99, 'Gabriela e Helena Filmagens ME', 'Helena Filmagens', '22.407.021/0001-69', 'fabricacao@gabrielaehelenafilmagensme.com.br', 92, 725745924, 54);
INSERT INTO FORNECEDOR (ID_FORNECEDOR, NOME, RAZAO, CNPJ, EMAIL, DDD, TELEFONE, FK2_ID_ENDERECO) VALUES(100, 'Marli e Antonio Entregas Expressas Ltda', 'Marli Entregas', '23.694.316/0001-26', 'vendas@marlieantonioentregasexpressasltda.com.br', 56, 459262588, 55);
INSERT INTO FORNECEDOR (ID_FORNECEDOR, NOME, RAZAO, CNPJ, EMAIL, DDD, TELEFONE, FK2_ID_ENDERECO) VALUES(101, 'Carolina e Elza Eletrônica Ltda', 'CEletronica', '22.514.135/0001-08', 'compras@carolinaeelzaeletronicaltda.com.br', 58, 520086299, 56);
INSERT INTO FORNECEDOR (ID_FORNECEDOR, NOME, RAZAO, CNPJ, EMAIL, DDD, TELEFONE, FK2_ID_ENDERECO) VALUES(102, 'Analu e Enzo Telecomunicações ME', 'Enzo Telecom', '64.183.596/0001-95', 'diretoria@analueenzotelecomunicacoesme.com.br', 44, 808982504, 57);
INSERT INTO FORNECEDOR (ID_FORNECEDOR, NOME, RAZAO, CNPJ, EMAIL, DDD, TELEFONE, FK2_ID_ENDERECO) VALUES(103, 'André e Raul Mudanças ME', 'Mudanças Raul', '91.110.866/0001-00', 'pesquisa@andreeraulmudancasme.com.br', 28, 355475664, 58);
INSERT INTO FORNECEDOR (ID_FORNECEDOR, NOME, RAZAO, CNPJ, EMAIL, DDD, TELEFONE, FK2_ID_ENDERECO) VALUES(104, 'José e Carolina Vidros Ltda', 'Vidraçaria Carolina', '83.664.506/0001-22', 'fiscal@joseecarolinavidrosltda.com.br', 30, 494496561, 59);

/*FINANCEIRO - 50 REGISTROS*/

