/*INSERÇÃO TABELA TELEFONE TIPO*/

INSERT INTO TELEFONE_TIPO (TT_CODIGO, TT_NOME)
    VALUES (0, 'Celular');
    
INSERT INTO TELEFONE_TIPO (TT_CODIGO, TT_NOME)    
    VALUES (1, 'Residencial');

INSERT INTO TELEFONE_TIPO (TT_CODIGO, TT_NOME)
    VALUES(2, 'Empresarial');

INSERT INTO TELEFONE_TIPO (TT_CODIGO, TT_NOME)
    VALUES (3, 'Opcional');

INSERT INTO TELEFONE_TIPO (TT_CODIGO, TT_NOME)
    VALUES (4, 'Comercial');

INSERT INTO TELEFONE_TIPO (TT_CODIGO, TT_NOME)
    VALUES (5, 'Governamental');

INSERT INTO TELEFONE_TIPO (TT_CODIGO, TT_NOME)
    VALUES (6, 'Estadual');

INSERT INTO TELEFONE_TIPO (TT_CODIGO, TT_NOME)
    VALUES (7, 'Municipal');

INSERT INTO TELEFONE_TIPO (TT_CODIGO, TT_NOME)
    VALUES (8, 'Internacional');

INSERT INTO TELEFONE_TIPO (TT_CODIGO, TT_NOME)
    VALUES (9, 'Intercontinental');
    
/*INSERÇÃO TABELA TELEFONE*/

INSERT INTO TELEFONE (TEL_CODIGO, TT_CODIGO, TEL_DDD, TEL_FONE)
    VALUES (0, 0, 14, 996720739);
    
INSERT INTO TELEFONE (TEL_CODIGO, TT_CODIGO, TEL_DDD, TEL_FONE)    
    VALUES (1, 0, 14, 996720739);

INSERT INTO TELEFONE (TEL_CODIGO, TT_CODIGO, TEL_DDD, TEL_FONE)
    VALUES (2, 2, 14, 996720739);

INSERT INTO TELEFONE (TEL_CODIGO, TT_CODIGO, TEL_DDD, TEL_FONE)
    VALUES (3, 1, 14, 996720739);

INSERT INTO TELEFONE (TEL_CODIGO, TT_CODIGO, TEL_DDD, TEL_FONE)
    VALUES (4, 1, 14, 996720739);

INSERT INTO TELEFONE (TEL_CODIGO, TT_CODIGO, TEL_DDD, TEL_FONE)
    VALUES (5, 3, 14, 996720739);

INSERT INTO TELEFONE (TEL_CODIGO, TT_CODIGO, TEL_DDD, TEL_FONE)
    VALUES (6, 2, 14, 996720739);

INSERT INTO TELEFONE (TEL_CODIGO, TT_CODIGO, TEL_DDD, TEL_FONE)
    VALUES (7, 3, 14, 996720739);

INSERT INTO TELEFONE (TEL_CODIGO, TT_CODIGO, TEL_DDD, TEL_FONE)
    VALUES (8, 4, 14, 996720739);

INSERT INTO TELEFONE (TEL_CODIGO, TT_CODIGO, TEL_DDD, TEL_FONE)
    VALUES (9, 7, 14, 996720739);

/*INSERÇÃO TABELA CLIENTE*/

INSERT INTO CLIENTE(CLI_CODIGO, CLI_CPF, CLI_RG, CLI_NOME, CLI_ENDE, CLIE_ENDENUM, CLIE_ENDECOMPL, CLI_BAIRRO, CLI_ESTADO, CLI_CEP, CLI_NASCIMENTO) 
    VALUES(1, '751.585.325-59', '27.762.372-8', 'Vera Flávia Daiane Santos', 'Rua Aracy de Almeida', '163', 'S/A', 'Centro Sul', 'MT', '78125-527', TO_DATE('20/09/1978'));
    
INSERT INTO CLIENTE(CLI_CODIGO, CLI_CPF, CLI_RG, CLI_NOME, CLI_ENDE, CLIE_ENDENUM, CLIE_ENDECOMPL, CLI_BAIRRO, CLI_ESTADO, CLI_CEP, CLI_NASCIMENTO) 
    VALUES(2, '523.270.416-86', '39.798.648-8', 'Lara Carla Laís', 'Rua Zuza Lino', '472', 'S/A', 'Canto da Varzea', 'PI', '64600-160', TO_DATE('25/02/1997'));
    
INSERT INTO CLIENTE(CLI_CODIGO, CLI_CPF, CLI_RG, CLI_NOME, CLI_ENDE, CLIE_ENDENUM, CLIE_ENDECOMPL, CLI_BAIRRO, CLI_ESTADO, CLI_CEP, CLI_NASCIMENTO) 
    VALUES(3, '229.321.977-11', '27.762.372-8', 'Tiago Severino da Mata', 'Rua Dois', '890', 'S/A', 'Região dos Lagos', 'SP', '78125-527', TO_DATE('24/10/1976'));
    
INSERT INTO CLIENTE(CLI_CODIGO, CLI_CPF, CLI_RG, CLI_NOME, CLI_ENDE, CLIE_ENDENUM, CLIE_ENDECOMPL, CLI_BAIRRO, CLI_ESTADO, CLI_CEP, CLI_NASCIMENTO) 
    VALUES(4, '288.732.199-42', '10.794.089-9', 'Vitória Jennifer Raimunda Barbosa', 'Rua Três', '234', 'S/A', 'Morumbi', 'RJ', '78125-527', TO_DATE('10/03/2002'));
    
INSERT INTO CLIENTE(CLI_CODIGO, CLI_CPF, CLI_RG, CLI_NOME, CLI_ENDE, CLIE_ENDENUM, CLIE_ENDECOMPL, CLI_BAIRRO, CLI_ESTADO, CLI_CEP, CLI_NASCIMENTO) 
    VALUES(5, '915.018.676-01', '34.860.937-1', 'Breno Severino Davi Ramos', 'Rua Quatro', '876', 'S/A', 'Paineras', 'ES', '78125-527', TO_DATE('11/08/1990'));
    
INSERT INTO CLIENTE(CLI_CODIGO, CLI_CPF, CLI_RG, CLI_NOME, CLI_ENDE, CLIE_ENDENUM, CLIE_ENDECOMPL, CLI_BAIRRO, CLI_ESTADO, CLI_CEP, CLI_NASCIMENTO) 
    VALUES(6, '701.452.504-23', '46.016.624-4', 'Eduarda Bárbara Débora Nascimento', 'Rua Cinco', '653', 'S/A', 'Lago Norte', 'GO', '78125-527', TO_DATE('09/10/2000'));
    
INSERT INTO CLIENTE(CLI_CODIGO, CLI_CPF, CLI_RG, CLI_NOME, CLI_ENDE, CLIE_ENDENUM, CLIE_ENDECOMPL, CLI_BAIRRO, CLI_ESTADO, CLI_CEP, CLI_NASCIMENTO) 
    VALUES(7, '668.146.072-04', '34.558.492-2', 'Tiago Nelson Anderson da Luz', 'Rua Seis', '3123', 'S/A', 'Perdizes', 'MG', '78125-527', TO_DATE('05/04/2000'));
    
INSERT INTO CLIENTE(CLI_CODIGO, CLI_CPF, CLI_RG, CLI_NOME, CLI_ENDE, CLIE_ENDENUM, CLIE_ENDECOMPL, CLI_BAIRRO, CLI_ESTADO, CLI_CEP, CLI_NASCIMENTO) 
    VALUES(8, '513.117.354-02', '513.117.354-02', 'Tatiane Isabelly Cavalcanti', 'Rua Sete', '5435', 'S/A', 'Aquidauana', 'RS', '78125-527', TO_DATE('15/12/2005'));
    
INSERT INTO CLIENTE(CLI_CODIGO, CLI_CPF, CLI_RG, CLI_NOME, CLI_ENDE, CLIE_ENDENUM, CLIE_ENDECOMPL, CLI_BAIRRO, CLI_ESTADO, CLI_CEP, CLI_NASCIMENTO) 
    VALUES(9, '426.441.206-40', '20.726.747-9', 'Maria Flávia Farias', 'Rua Oito', '853', 'S/A', 'Centro', 'SC', '78125-527', TO_DATE('17/11/1996'));
    
INSERT INTO CLIENTE(CLI_CODIGO, CLI_CPF, CLI_RG, CLI_NOME, CLI_ENDE, CLIE_ENDENUM, CLIE_ENDECOMPL, CLI_BAIRRO, CLI_ESTADO, CLI_CEP, CLI_NASCIMENTO) 
    VALUES(10, '524.936.157-94', '35.228.072-4', 'José Thiago Pereira', 'Rua Nove', '323', 'S/A', 'Centro Norte', 'TO', '78125-527', TO_DATE('29/12/2009'));
    
    
/*INSERÇÃO TABELA CLIENTE_TELEFONE*/
INSERT INTO CLIENTE_TELEFONE (CLI_CODIGO, TEL_CODIGO)
    VALUES (1, 9);
    
INSERT INTO CLIENTE_TELEFONE (CLI_CODIGO, TEL_CODIGO)
    VALUES (2, 8);
    
INSERT INTO CLIENTE_TELEFONE (CLI_CODIGO, TEL_CODIGO)
    VALUES (3, 7);
    
INSERT INTO CLIENTE_TELEFONE (CLI_CODIGO, TEL_CODIGO)
    VALUES (4, 6);
    
INSERT INTO CLIENTE_TELEFONE (CLI_CODIGO, TEL_CODIGO)
    VALUES (5, 5);
    
INSERT INTO CLIENTE_TELEFONE (CLI_CODIGO, TEL_CODIGO)
    VALUES (6, 4);
    
INSERT INTO CLIENTE_TELEFONE (CLI_CODIGO, TEL_CODIGO)
    VALUES (7, 3);
    
INSERT INTO CLIENTE_TELEFONE (CLI_CODIGO, TEL_CODIGO)
    VALUES (8, 2);
    
INSERT INTO CLIENTE_TELEFONE (CLI_CODIGO, TEL_CODIGO)
    VALUES (9, 1);
    
INSERT INTO CLIENTE_TELEFONE (CLI_CODIGO, TEL_CODIGO)
    VALUES (10, 0);
    
/*INSERÇÃO NA TABELA PRODUTO*/

INSERT INTO PRODUTO (PRO_CODIGO, PRO_NOME, PRO_ESTOQUE, PRO_VENDA, PRO_COMPRA, PRO_UNIDADE)
    VALUES (0, 'Celular', 10, 500, 200, 4);
    
INSERT INTO PRODUTO (PRO_CODIGO, PRO_NOME, PRO_ESTOQUE, PRO_VENDA, PRO_COMPRA, PRO_UNIDADE)
    VALUES (1, 'Computador', 11, 300, 199, 2);

INSERT INTO PRODUTO (PRO_CODIGO, PRO_NOME, PRO_ESTOQUE, PRO_VENDA, PRO_COMPRA, PRO_UNIDADE)
    VALUES (2, 'Mesa', 12, 200, 100, 10);

INSERT INTO PRODUTO (PRO_CODIGO, PRO_NOME, PRO_ESTOQUE, PRO_VENDA, PRO_COMPRA, PRO_UNIDADE)
    VALUES (3, 'Cadeira', 13, 100, 29, 8);

INSERT INTO PRODUTO (PRO_CODIGO, PRO_NOME, PRO_ESTOQUE, PRO_VENDA, PRO_COMPRA, PRO_UNIDADE)
    VALUES (4, 'Cama', 14, 1000, 700, 8);

INSERT INTO PRODUTO (PRO_CODIGO, PRO_NOME, PRO_ESTOQUE, PRO_VENDA, PRO_COMPRA, PRO_UNIDADE)
    VALUES (5, 'Armario', 15, 500, 250, 7);

INSERT INTO PRODUTO (PRO_CODIGO, PRO_NOME, PRO_ESTOQUE, PRO_VENDA, PRO_COMPRA, PRO_UNIDADE)
    VALUES (6, 'Teclado', 16, 150, 70, 6);

INSERT INTO PRODUTO (PRO_CODIGO, PRO_NOME, PRO_ESTOQUE, PRO_VENDA, PRO_COMPRA, PRO_UNIDADE)
    VALUES (7, 'Monitor', 17, 200, 90, 5);

INSERT INTO PRODUTO (PRO_CODIGO, PRO_NOME, PRO_ESTOQUE, PRO_VENDA, PRO_COMPRA, PRO_UNIDADE)
    VALUES (8, 'Mouse', 18, 100, 80, 4);

INSERT INTO PRODUTO (PRO_CODIGO, PRO_NOME, PRO_ESTOQUE, PRO_VENDA, PRO_COMPRA, PRO_UNIDADE)
    VALUES (9, 'Filtro', 19, 20, 10, 3);
    

/*INSERÇÃO NA TABELA VENDA*/

INSERT INTO VENDA (VEN_CODIGO, VEN_DATA, VEN_TOTAL, VEN_OBS, CLI_CODIGO)
    VALUES (11, TO_DATE('10/01/2020'), 100, 'NENHUMA', 1);
    
INSERT INTO VENDA (VEN_CODIGO, VEN_DATA, VEN_TOTAL, VEN_OBS, CLI_CODIGO)
    VALUES (12, TO_DATE('15/02/2020'), 200, 'NENHUMA', 2);
    
INSERT INTO VENDA (VEN_CODIGO, VEN_DATA, VEN_TOTAL, VEN_OBS, CLI_CODIGO)
    VALUES (13, TO_DATE('13/05/2020'), 300, 'NENHUMA', 3);
    
INSERT INTO VENDA (VEN_CODIGO, VEN_DATA, VEN_TOTAL, VEN_OBS, CLI_CODIGO)
    VALUES (14, TO_DATE('01/07/2020'), 400, 'NENHUMA', 4);
    
INSERT INTO VENDA (VEN_CODIGO, VEN_DATA, VEN_TOTAL, VEN_OBS, CLI_CODIGO)
    VALUES (15, TO_DATE('29/01/2020'), 500, 'NENHUMA', 5);
    
INSERT INTO VENDA (VEN_CODIGO, VEN_DATA, VEN_TOTAL, VEN_OBS, CLI_CODIGO)
    VALUES (16, TO_DATE('30/06/2020'), 600, 'NENHUMA', 6);
    
INSERT INTO VENDA (VEN_CODIGO, VEN_DATA, VEN_TOTAL, VEN_OBS, CLI_CODIGO)
    VALUES (17, TO_DATE('28/02/2020'), 700, 'NENHUMA', 7);
    
INSERT INTO VENDA (VEN_CODIGO, VEN_DATA, VEN_TOTAL, VEN_OBS, CLI_CODIGO)
    VALUES (18, TO_DATE('27/04/2020'), 800, 'NENHUMA', 8);
    
INSERT INTO VENDA (VEN_CODIGO, VEN_DATA, VEN_TOTAL, VEN_OBS, CLI_CODIGO)
    VALUES (19, TO_DATE('24/08/2020'), 900, 'NENHUMA', 9);
    
INSERT INTO VENDA (VEN_CODIGO, VEN_DATA, VEN_TOTAL, VEN_OBS, CLI_CODIGO)
    VALUES (20, TO_DATE('07/09/2020'), 1000, 'NENHUMA', 10);


/*INSERÇÃO TABELA VENDA_PRODUTO*/

INSERT INTO VENDA_PRODUTO (VP_VALOR, VP_QTDE, VEN_CODIGO, PRO_CODIGO)
    VALUES (300, 1, 11, 0);
    
INSERT INTO VENDA_PRODUTO (VP_VALOR, VP_QTDE, VEN_CODIGO, PRO_CODIGO)
    VALUES (800, 6, 12, 1);
    
INSERT INTO VENDA_PRODUTO (VP_VALOR, VP_QTDE, VEN_CODIGO, PRO_CODIGO)
    VALUES (200, 3, 13, 2);
    
INSERT INTO VENDA_PRODUTO (VP_VALOR, VP_QTDE, VEN_CODIGO, PRO_CODIGO)
    VALUES (100, 8, 14, 3);
    
INSERT INTO VENDA_PRODUTO (VP_VALOR, VP_QTDE, VEN_CODIGO, PRO_CODIGO)
    VALUES (300, 3, 15, 4);
    
INSERT INTO VENDA_PRODUTO (VP_VALOR, VP_QTDE, VEN_CODIGO, PRO_CODIGO)
    VALUES (200, 3 , 16, 5);
    
INSERT INTO VENDA_PRODUTO (VP_VALOR, VP_QTDE, VEN_CODIGO, PRO_CODIGO)
    VALUES (300, 2 , 17, 6);
    
INSERT INTO VENDA_PRODUTO (VP_VALOR, VP_QTDE, VEN_CODIGO, PRO_CODIGO)
    VALUES (400, 1 , 18, 7);
    
INSERT INTO VENDA_PRODUTO (VP_VALOR, VP_QTDE, VEN_CODIGO, PRO_CODIGO)
    VALUES (500, 7 , 19, 8);
    
INSERT INTO VENDA_PRODUTO (VP_VALOR, VP_QTDE, VEN_CODIGO, PRO_CODIGO)
    VALUES (600, 8 , 20, 9);
